<?xml version="1.0" encoding="UTF-8"?>
<!-- Generated by eXe - http://exelearning.net -->
<manifest identifier="eXea_Liderana60c9975c2691a4f0ce1" xmlns="http://www.imsproject.org/xsd/imscp_rootv1p1p2" xmlns:adlcp="http://www.adlnet.org/xsd/adlcp_rootv1p2" xmlns:imsmd="http://www.imsglobal.org/xsd/imsmd_v1p2" xmlns:xsi="http://www.w3.org/2001/XMLSchema-instance" xsi:schemaLocation="http://www.imsproject.org/xsd/imscp_rootv1p1p2 imscp_rootv1p1p2.xsd http://www.imsglobal.org/xsd/imsmd_rootv1p2p1 imsmd_rootv1p2p1.xsd http://www.adlnet.org/xsd/adlcp_rootv1p2 adlcp_rootv1p2.xsd" > 
<metadata> 
 <schema>ADL SCORM</schema> 
 <schemaversion>1.2</schemaversion> 
 <adlcp:location>imslrm.xml</adlcp:location> 
</metadata> 
<organizations default="eXea_Liderana60c9975c2691a4f0ce2">  
    <organization identifier="eXea_Liderana60c9975c2691a4f0ce2" structure="hierarchical">
        <title>Gestão de Desempenho</title>
<item identifier="ITEM-eXea_Liderana60c9975c2691a4f0ce3" isvisible="true" identifierref="RES-eXea_Liderana60c9975c2691a4f0ce4">
    <title>Gestão de Desempenho - Guia da Liderança</title>
<item identifier="ITEM-eXea_Liderana60c9975c2691a4f0cf5" isvisible="true" identifierref="RES-eXea_Liderana60c9975c2691a4f0cf6">
    <title>Contextualizando</title>
<item identifier="ITEM-eXea_Liderana60c9975c2691a4f0d17" isvisible="true" identifierref="RES-eXea_Liderana60c9975c2691a4f0d18">
    <title>Gestão de Desempenho</title>
</item>
<item identifier="ITEM-eXea_Liderana60c9975c2691a4f0d49" isvisible="true" identifierref="RES-eXea_Liderana60c9975c2691a4f0d4a">
    <title>Humanização sempre</title>
</item>
<item identifier="ITEM-eXea_Liderana60c9975c2691a4f0d8b" isvisible="true" identifierref="RES-eXea_Liderana60c9975c2691a4f0d8c">
    <title>Avaliação de Desempenho</title>
<item identifier="ITEM-eXea_Liderana60c9975c2691a4f0dcd" isvisible="true" identifierref="RES-eXea_Liderana60c9975c2691a4f0dce">
    <title>Como se preparar</title>
</item>
</item>
<item identifier="ITEM-eXea_Liderana60c9975c2691a4f0dff" isvisible="true" identifierref="RES-eXea_Liderana60c9975c2691a4f0df10">
    <title>Quiz</title>
</item>
<item identifier="ITEM-eXea_Liderana60c9975c2691a4f0df11" isvisible="true" identifierref="RES-eXea_Liderana60c9975c2691a4f0df12">
    <title>PDI - Plano de Desenvolvimento Individual</title>
<item identifier="ITEM-eXea_Liderana60c9975c2691a4f0e313" isvisible="true" identifierref="RES-eXea_Liderana60c9975c2691a4f0e314">
    <title>Quiz - PDI</title>
</item>
</item>
<item identifier="ITEM-eXea_Liderana60c9975c2691a4f0e315" isvisible="true" identifierref="RES-eXea_Liderana60c9975c2691a4f0e316">
    <title>Feedback Contínuo</title>
<item identifier="ITEM-eXea_Liderana60c9975c2691a4f0e817" isvisible="true" identifierref="RES-eXea_Liderana60c9975c2691a4f0e818">
    <title>Quiz - Feedback Contínuo</title>
</item>
</item>
<item identifier="ITEM-eXea_Liderana60c9975c2691a4f0e919" isvisible="true" identifierref="RES-eXea_Liderana60c9975c2691a4f0e91a">
    <title>Agora é praticar!</title>
</item>
</item>
</item>
  </organization>
</organizations>
<resources>
  <resource identifier="RES-eXea_Liderana60c9975c2691a4f0ce4" type="webcontent" adlcp:scormtype="sco" href="index.html"> 
    <file href="index.html"/> 
    <file href="exe_html5.js"/>
    <dependency identifierref="COMMON_FILES"/>
  </resource>
  <resource identifier="RES-eXea_Liderana60c9975c2691a4f0cf6" type="webcontent" adlcp:scormtype="sco" href="contextualizando.html"> 
    <file href="contextualizando.html"/> 
    <file href="exe_html5.js"/>
    <file href="img0.png"/>
    <file href="exe_effects.css"/>
    <file href="exe_effects.js"/>
    <dependency identifierref="COMMON_FILES"/>
  </resource>
  <resource identifier="RES-eXea_Liderana60c9975c2691a4f0d18" type="webcontent" adlcp:scormtype="sco" href="gesto_de_desempenho.html"> 
    <file href="gesto_de_desempenho.html"/> 
    <file href="exe_html5.js"/>
    <file href="img0.1.png"/>
    <file href="2.png"/>
    <file href="3.png"/>
    <file href="1.png"/>
    <file href="6.png"/>
    <file href="7.png"/>
    <file href="4.png"/>
    <file href="5.png"/>
    <file href="exe_effects.css"/>
    <file href="exe_effects.js"/>
    <dependency identifierref="COMMON_FILES"/>
  </resource>
  <resource identifier="RES-eXea_Liderana60c9975c2691a4f0d4a" type="webcontent" adlcp:scormtype="sco" href="humanizao_sempre.html"> 
    <file href="humanizao_sempre.html"/> 
    <file href="exe_html5.js"/>
    <file href="Emissora.png"/>
    <file href="img1.1.png"/>
    <file href="Emissor.png"/>
    <file href="img1.2.png"/>
    <file href="img2.png"/>
    <file href="img1.png"/>
    <file href="Wavy_Bus-03_Single-06.jpg"/>
    <file href="divertidamente.png"/>
    <file href="Decepcao.png"/>
    <dependency identifierref="COMMON_FILES"/>
  </resource>
  <resource identifier="RES-eXea_Liderana60c9975c2691a4f0d8c" type="webcontent" adlcp:scormtype="sco" href="avaliao_de_desempenho.html"> 
    <file href="avaliao_de_desempenho.html"/> 
    <file href="exe_html5.js"/>
    <file href="img0.2.png"/>
    <file href="exe_effects.css"/>
    <file href="exe_effects.js"/>
    <dependency identifierref="COMMON_FILES"/>
  </resource>
  <resource identifier="RES-eXea_Liderana60c9975c2691a4f0dce" type="webcontent" adlcp:scormtype="sco" href="como_se_preparar.html"> 
    <file href="como_se_preparar.html"/> 
    <file href="exe_html5.js"/>
    <dependency identifierref="COMMON_FILES"/>
  </resource>
  <resource identifier="RES-eXea_Liderana60c9975c2691a4f0df10" type="webcontent" adlcp:scormtype="sco" href="quiz.html"> 
    <file href="quiz.html"/> 
    <file href="exe_html5.js"/>
    <file href="quiz-freepik.png"/>
    <file href="exequextaudio.png"/>
    <file href="exequextcursor.gif"/>
    <file href="exequextfirstr.png"/>
    <file href="exequextfull.png"/>
    <file href="exequexthits.png"/>
    <file href="exequextlastr.png"/>
    <file href="exequextlive.png"/>
    <file href="exequextlost.png"/>
    <file href="exequextmin.png"/>
    <file href="exequextmoveon.png"/>
    <file href="exequextnextr.png"/>
    <file href="exequextnormal.png"/>
    <file href="exequextnumber.png"/>
    <file href="exequextone.png"/>
    <file href="exequextpause.png"/>
    <file href="exequextplayvideo.png"/>
    <file href="exequextpreviousr.png"/>
    <file href="exequextreload.png"/>
    <file href="exequextreply.png"/>
    <file href="exequextrerrors.png"/>
    <file href="exequextroscomin.png"/>
    <file href="exequextscore.png"/>
    <file href="exequextsq.png"/>
    <file href="exequexttime.png"/>
    <file href="exequexttwo.png"/>
    <file href="exequextvideo.png"/>
    <file href="exequextwon.png"/>
    <file href="gameqp-activity.css"/>
    <file href="selecciona-activity.js"/>
    <file href="seleccionaHome.png"/>
    <file href="seleccionaIcon.png"/>
    <dependency identifierref="COMMON_FILES"/>
  </resource>
  <resource identifier="RES-eXea_Liderana60c9975c2691a4f0df12" type="webcontent" adlcp:scormtype="sco" href="pdi__plano_de_desenvolvimento_individual.html"> 
    <file href="pdi__plano_de_desenvolvimento_individual.html"/> 
    <file href="exe_html5.js"/>
    <file href="exe_effects.css"/>
    <file href="exe_effects.js"/>
    <dependency identifierref="COMMON_FILES"/>
  </resource>
  <resource identifier="RES-eXea_Liderana60c9975c2691a4f0e314" type="webcontent" adlcp:scormtype="sco" href="quiz__pdi.html"> 
    <file href="quiz__pdi.html"/> 
    <file href="exe_html5.js"/>
    <file href="quiz-freepik.png"/>
    <file href="exequextaudio.png"/>
    <file href="exequextcursor.gif"/>
    <file href="exequextfirstr.png"/>
    <file href="exequextfull.png"/>
    <file href="exequexthits.png"/>
    <file href="exequextlastr.png"/>
    <file href="exequextlive.png"/>
    <file href="exequextlost.png"/>
    <file href="exequextmin.png"/>
    <file href="exequextmoveon.png"/>
    <file href="exequextnextr.png"/>
    <file href="exequextnormal.png"/>
    <file href="exequextnumber.png"/>
    <file href="exequextone.png"/>
    <file href="exequextpause.png"/>
    <file href="exequextplayvideo.png"/>
    <file href="exequextpreviousr.png"/>
    <file href="exequextreload.png"/>
    <file href="exequextreply.png"/>
    <file href="exequextrerrors.png"/>
    <file href="exequextroscomin.png"/>
    <file href="exequextscore.png"/>
    <file href="exequextsq.png"/>
    <file href="exequexttime.png"/>
    <file href="exequexttwo.png"/>
    <file href="exequextvideo.png"/>
    <file href="exequextwon.png"/>
    <file href="gameqp-activity.css"/>
    <file href="selecciona-activity.js"/>
    <file href="seleccionaHome.png"/>
    <file href="seleccionaIcon.png"/>
    <dependency identifierref="COMMON_FILES"/>
  </resource>
  <resource identifier="RES-eXea_Liderana60c9975c2691a4f0e316" type="webcontent" adlcp:scormtype="sco" href="feedback_contnuo.html"> 
    <file href="feedback_contnuo.html"/> 
    <file href="exe_html5.js"/>
    <file href="exe_effects.css"/>
    <file href="exe_effects.js"/>
    <dependency identifierref="COMMON_FILES"/>
  </resource>
  <resource identifier="RES-eXea_Liderana60c9975c2691a4f0e818" type="webcontent" adlcp:scormtype="sco" href="quiz__feedback_contnuo.html"> 
    <file href="quiz__feedback_contnuo.html"/> 
    <file href="exe_html5.js"/>
    <file href="quiz-freepik.png"/>
    <file href="exequextaudio.png"/>
    <file href="exequextcursor.gif"/>
    <file href="exequextfirstr.png"/>
    <file href="exequextfull.png"/>
    <file href="exequexthits.png"/>
    <file href="exequextlastr.png"/>
    <file href="exequextlive.png"/>
    <file href="exequextlost.png"/>
    <file href="exequextmin.png"/>
    <file href="exequextmoveon.png"/>
    <file href="exequextnextr.png"/>
    <file href="exequextnormal.png"/>
    <file href="exequextnumber.png"/>
    <file href="exequextone.png"/>
    <file href="exequextpause.png"/>
    <file href="exequextplayvideo.png"/>
    <file href="exequextpreviousr.png"/>
    <file href="exequextreload.png"/>
    <file href="exequextreply.png"/>
    <file href="exequextrerrors.png"/>
    <file href="exequextroscomin.png"/>
    <file href="exequextscore.png"/>
    <file href="exequextsq.png"/>
    <file href="exequexttime.png"/>
    <file href="exequexttwo.png"/>
    <file href="exequextvideo.png"/>
    <file href="exequextwon.png"/>
    <file href="gameqp-activity.css"/>
    <file href="selecciona-activity.js"/>
    <file href="seleccionaHome.png"/>
    <file href="seleccionaIcon.png"/>
    <dependency identifierref="COMMON_FILES"/>
  </resource>
  <resource identifier="RES-eXea_Liderana60c9975c2691a4f0e91a" type="webcontent" adlcp:scormtype="sco" href="agora__praticar.html"> 
    <file href="agora__praticar.html"/> 
    <file href="exe_html5.js"/>
    <dependency identifierref="COMMON_FILES"/>
  </resource>
  <resource identifier="COMMON_FILES" type="webcontent" adlcp:scormtype="asset">
    <file href="config.xml"/>
    <file href="content.css"/>
    <file href="EncodeSans-Light_latin-ext.woff2"/>
    <file href="EncodeSans-Light_latin.woff2"/>
    <file href="EncodeSans-Light_vietnamese.woff2"/>
    <file href="icon_atom.png"/>
    <file href="icon_award.png"/>
    <file href="icon_beach.png"/>
    <file href="icon_bulb.png"/>
    <file href="icon_camera.png"/>
    <file href="icon_classroom.png"/>
    <file href="icon_compass.png"/>
    <file href="icon_edia.png"/>
    <file href="icon_etwinning.png"/>
    <file href="icon_exe.png"/>
    <file href="icon_footprints.png"/>
    <file href="icon_free_license.png"/>
    <file href="icon_gears.png"/>
    <file href="icon_knowledge.png"/>
    <file href="icon_list.png"/>
    <file href="icon_microphone.png"/>
    <file href="icon_network.png"/>
    <file href="icon_plus.png"/>
    <file href="icon_presentation.png"/>
    <file href="icon_puzzle.png"/>
    <file href="icon_share.png"/>
    <file href="icon_stars.png"/>
    <file href="icon_talk.png"/>
    <file href="icon_teacher_screen.png"/>
    <file href="icon_telescope.png"/>
    <file href="icon_think.png"/>
    <file href="icon_tree.png"/>
    <file href="icon_write.png"/>
    <file href="nav.css"/>
    <file href="_intef_bg.png"/>
    <file href="_intef_footer.png"/>
    <file href="_intef_header.png"/>
    <file href="_intef_icons.png"/>
    <file href="_intef_js.js"/>
    <file href="_intef_left_column.gif"/>
    <file href="_intef_licenses.gif"/>
    <file href="_intef_menu.gif"/>
    <file href="_intef_print.png"/>
    <file href="_intef_title_bg.png"/>
    <file href="base.css"/>
    <file href="popup_bg.gif"/>
    <file href="SCORM_API_wrapper.js"/>
    <file href="SCOFunctions.js"/>
    <file href="common.js"/>
    <file href="common_i18n.js"/>
    <file href="exe_jquery.js"/>
    <file href="content.xsd"/>
    <file href="content.data"/>
    <file href="contentv3.xml"/>
    <file href="imslrm.xml"/>
  </resource>
</resources>
</manifest>
